{"count":1,"self":8109.0863104,"total":15969.369852299998,"children":{"InitializeActuators":{"count":28,"self":0.0025101999999999998,"total":0.0025101999999999998,"children":null},"InitializeSensors":{"count":28,"self":0.0015069,"total":0.0015069,"children":null},"AgentSendState":{"count":1732284,"self":41.176390399999995,"total":848.5466173,"children":{"CollectObservations":{"count":9700796,"self":667.4906112,"total":667.49060049999991,"children":null},"WriteActionMask":{"count":9700796,"self":7.5788383999999995,"total":7.5788386,"children":null},"RequestDecision":{"count":9700796,"self":25.239008,"total":132.3007886,"children":{"AgentInfo.ToProto":{"count":9700796,"self":21.142185599999998,"total":107.06178109999999,"children":{"GenerateSensorData":{"count":9700796,"self":85.9195968,"total":85.9195951,"children":null}}}}}}},"DecideAction":{"count":1732284,"self":6210.02752,"total":6210.0273767,"children":null},"AgentAct":{"count":1732284,"self":797.402624,"total":797.4106418,"children":{"AgentInfo.ToProto":{"count":365,"self":0.0010007,"total":0.008029,"children":{"GenerateSensorData":{"count":365,"self":0.0070282999999999995,"total":0.0070282999999999995,"children":null}}}}},"AgentInfo.ToProto":{"count":206985,"self":1.259741,"total":4.2940765,"children":{"GenerateSensorData":{"count":206985,"self":3.0343356,"total":3.0343355,"children":null}}}},"gauges":{"QuadrupedAgent.CumulativeReward":{"count":207350,"max":248.630569,"min":-9100.3,"runningAverage":-93.44371,"value":24.47384,"weightedAverage":26.8342056}},"metadata":{"timer_format_version":"0.1.0","start_time_seconds":"1711297300","unity_version":"2022.3.4f1","command_line_arguments":"C:\\Program Files\\Unity\\Hub\\Editor\\2022.3.4f1\\Editor\\Unity.exe -projectpath C:\\Users\\zeros\\OneDrive\\Documentos\\MLAgents\\TFG\\TFG Unity Project -useHub -hubIPC -cloudEnvironment production -licensingIpc LicenseClient-Vadu -hubSessionId be2406cc-3ba8-46ff-be4d-9f2cce3fd91a -accessToken _BflM4eDvpYFG3nSO-MzgTUO2q4IYBsvfqWgigiBFXw006f","communication_protocol_version":"1.5.0","com.unity.ml-agents_version":"2.0.1","scene_name":"quadTraining","end_time_seconds":"1711313269"}}