{"count":1,"self":2064.2238463999997,"total":4247.4001833,"children":{"InitializeActuators":{"count":28,"self":0.0026197,"total":0.0026197,"children":null},"InitializeSensors":{"count":28,"self":0.001576,"total":0.001576,"children":null},"AgentSendState":{"count":550617,"self":11.6616672,"total":244.4616964,"children":{"CollectObservations":{"count":3083472,"self":191.44435199999998,"total":191.4443535,"children":null},"WriteActionMask":{"count":3083472,"self":1.9553285999999999,"total":1.9553285999999999,"children":null},"RequestDecision":{"count":3083472,"self":7.6708864,"total":39.400347,"children":{"AgentInfo.ToProto":{"count":3083472,"self":6.4975983999999993,"total":31.7294602,"children":{"GenerateSensorData":{"count":3083472,"self":25.231862399999997,"total":25.2318617,"children":null}}}}}}},"DecideAction":{"count":550617,"self":1781.9701248,"total":1781.9700455,"children":null},"AgentAct":{"count":550617,"self":156.04417279999998,"total":156.0461708,"children":{"AgentInfo.ToProto":{"count":127,"self":0.0010019999999999999,"total":0.0020025999999999998,"children":{"GenerateSensorData":{"count":127,"self":0.0010006,"total":0.0010006,"children":null}}}}},"AgentInfo.ToProto":{"count":35362,"self":0.21827919999999998,"total":0.6942593,"children":{"GenerateSensorData":{"count":35362,"self":0.47598009999999996,"total":0.47598009999999996,"children":null}}}},"gauges":{"QuadrupedAgent.CumulativeReward":{"count":35489,"max":61.33108,"min":-3875.45947,"runningAverage":-31.06716,"value":13.5087833,"weightedAverage":2.9096477}},"metadata":{"timer_format_version":"0.1.0","start_time_seconds":"1711439231","unity_version":"2022.3.4f1","command_line_arguments":"C:\\Program Files\\Unity\\Hub\\Editor\\2022.3.4f1\\Editor\\Unity.exe -projectpath C:\\Users\\zeros\\OneDrive\\Documentos\\MLAgents\\TFG\\TFG Unity Project -useHub -hubIPC -cloudEnvironment production -licensingIpc LicenseClient-Vadu -hubSessionId 9ce0aa81-3338-445b-ae26-ebf54ef28f8b -accessToken HRKAINKUAffuh2OUR3v4JXIw62doEHXUazofJbjtWsE006f","communication_protocol_version":"1.5.0","com.unity.ml-agents_version":"2.0.1","scene_name":"quadTraining","end_time_seconds":"1711443478"}}