{"count":1,"self":5713.5591423999995,"total":11555.345951399999,"children":{"InitializeActuators":{"count":28,"self":0.0015087,"total":0.0015087,"children":null},"InitializeSensors":{"count":28,"self":0.0020057,"total":0.0020057,"children":null},"AgentSendState":{"count":1494501,"self":31.7260672,"total":668.22116469999992,"children":{"CollectObservations":{"count":8369228,"self":523.9201792,"total":523.9201606,"children":null},"WriteActionMask":{"count":8369228,"self":5.9709879999999993,"total":5.9709879,"children":null},"RequestDecision":{"count":8369228,"self":20.801619199999998,"total":106.6039483,"children":{"AgentInfo.ToProto":{"count":8369228,"self":17.2869056,"total":85.8023297,"children":{"GenerateSensorData":{"count":8369228,"self":68.515424,"total":68.5154239,"children":null}}}}}}},"DecideAction":{"count":1494501,"self":4729.464832,"total":4729.4647067999995,"children":null},"AgentAct":{"count":1494501,"self":442.7337728,"total":442.74331709999996,"children":{"AgentInfo.ToProto":{"count":420,"self":0.0023750999999999998,"total":0.0095404,"children":{"GenerateSensorData":{"count":420,"self":0.0071652999999999994,"total":0.0071652999999999994,"children":null}}}}},"AgentInfo.ToProto":{"count":68766,"self":0.42844519999999997,"total":1.3523711,"children":{"GenerateSensorData":{"count":68766,"self":0.9239259,"total":0.9239259,"children":null}}}},"gauges":{"QuadrupedAgent.CumulativeReward":{"count":69186,"max":105.211739,"min":-5126.47461,"runningAverage":-77.09798,"value":58.8335266,"weightedAverage":6.86482143}},"metadata":{"timer_format_version":"0.1.0","start_time_seconds":"1711541023","unity_version":"2022.3.4f1","command_line_arguments":"C:\\Program Files\\Unity\\Hub\\Editor\\2022.3.4f1\\Editor\\Unity.exe -projectpath C:\\Users\\zeros\\OneDrive\\Documentos\\MLAgents\\TFG\\TFG Unity Project -useHub -hubIPC -cloudEnvironment production -licensingIpc LicenseClient-Vadu -hubSessionId 21c56bd1-1d98-40b6-8259-f69980196a4d -accessToken uHx3nnWVrwVHhtJlUM9Bo4pIjF9QkVsBzOANyGWqy0A006f","communication_protocol_version":"1.5.0","com.unity.ml-agents_version":"2.0.1","scene_name":"quadTraining","end_time_seconds":"1711552578"}}